,roman_cp,probability
0,"I,V,vi,IV,I","0.145,0.252,0.342,0.646,0.836"
1,"I,V,vi,IV,V","0.145,0.252,0.342,0.646,0.105"
2,"I,V,vi,V,IV","0.145,0.252,0.342,0.103,0.464"
3,"I,V,vi,V,I","0.145,0.252,0.342,0.103,0.264"
4,"I,V,vi,V,vi","0.145,0.252,0.342,0.103,0.216"
5,"I,V,vi,I,V","0.145,0.252,0.342,0.063,0.707"
6,"I,V,vi,I,IV","0.145,0.252,0.342,0.063,0.115"
7,"I,V,IV,I,V","0.145,0.252,0.245,0.49,0.799"
8,"I,V,IV,I,IV","0.145,0.252,0.245,0.49,0.082"
9,"I,V,IV,V,I","0.145,0.252,0.245,0.194,0.672"
10,"I,V,IV,V,vi","0.145,0.252,0.245,0.194,0.156"
11,"I,V,IV,V,IV","0.145,0.252,0.245,0.194,0.117"
12,"I,V,IV,vi,I","0.145,0.252,0.245,0.158,0.646"
13,"I,V,IV,vi,V","0.145,0.252,0.245,0.158,0.218"
14,"I,V,I,V,I","0.145,0.252,0.139,0.396,0.543"
15,"I,V,I,V,IV","0.145,0.252,0.139,0.396,0.213"
16,"I,V,I,V,vi","0.145,0.252,0.139,0.396,0.15"
17,"I,V,I,IV,I","0.145,0.252,0.139,0.349,0.681"
18,"I,V,I,IV,V","0.145,0.252,0.139,0.349,0.16"
19,"I,V,ii,IV,I","0.145,0.252,0.104,0.455,0.847"
20,"I,V,ii,IV,vi","0.145,0.252,0.104,0.455,0.069"
21,"I,V,ii,IV,V","0.145,0.252,0.104,0.455,0.054"
22,"I,V,ii,vi,I","0.145,0.252,0.104,0.255,0.651"
23,"I,V,ii,vi,IV","0.145,0.252,0.104,0.255,0.138"
24,"I,V,ii,vi,V","0.145,0.252,0.104,0.255,0.062"
25,"I,V,ii,I,V","0.145,0.252,0.104,0.187,0.775"
26,"I,V,ii,I,vi","0.145,0.252,0.104,0.187,0.072"
27,"I,V,ii,I,ii","0.145,0.252,0.104,0.187,0.058"
28,"I,V,ii,I,IV","0.145,0.252,0.104,0.187,0.051"
29,"I,IV,I,IV,I","0.145,0.182,0.315,0.467,0.717"
30,"I,IV,I,IV,V","0.145,0.182,0.315,0.467,0.091"
31,"I,IV,I,IV,vi","0.145,0.182,0.315,0.467,0.059"
32,"I,IV,I,V,I","0.145,0.182,0.315,0.302,0.596"
33,"I,IV,I,V,IV","0.145,0.182,0.315,0.302,0.181"
34,"I,IV,I,V,vi","0.145,0.182,0.315,0.302,0.15"
35,"I,IV,I,vi,I","0.145,0.182,0.315,0.054,0.433"
36,"I,IV,I,vi,V","0.145,0.182,0.315,0.054,0.3"
37,"I,IV,I,vi,IV","0.145,0.182,0.315,0.054,0.111"
38,"I,IV,V,I,IV","0.145,0.182,0.291,0.413,0.73"
39,"I,IV,V,I,V","0.145,0.182,0.291,0.413,0.059"
40,"I,IV,V,I,vi","0.145,0.182,0.291,0.413,0.058"
41,"I,IV,V,vi,I","0.145,0.182,0.291,0.296,0.48"
42,"I,IV,V,vi,V","0.145,0.182,0.291,0.296,0.17"
43,"I,IV,V,vi,IV","0.145,0.182,0.291,0.296,0.123"
44,"I,IV,V,vi,iii","0.145,0.182,0.291,0.296,0.072"
45,"I,IV,V,IV,I","0.145,0.182,0.291,0.139,0.578"
46,"I,IV,V,IV,V","0.145,0.182,0.291,0.139,0.255"
47,"I,IV,vi,V,I","0.145,0.182,0.115,0.56,0.712"
48,"I,IV,vi,V,IV","0.145,0.182,0.115,0.56,0.174"
49,"I,IV,vi,V,vi","0.145,0.182,0.115,0.56,0.057"
50,"I,IV,vi,I,IV","0.145,0.182,0.115,0.146,0.852"
51,"I,IV,vi,IV,I","0.145,0.182,0.115,0.122,0.723"
52,"I,IV,vi,IV,V","0.145,0.182,0.115,0.122,0.123"
53,"I,IV,vi,IV,vi","0.145,0.182,0.115,0.122,0.123"
54,"I,vi,IV,V,I","0.145,0.1,0.309,0.435,0.77"
55,"I,vi,IV,V,vi","0.145,0.1,0.309,0.435,0.079"
56,"I,vi,IV,I,vi","0.145,0.1,0.309,0.376,0.659"
57,"I,vi,IV,I,V","0.145,0.1,0.309,0.376,0.18"
58,"I,vi,IV,I,ii","0.145,0.1,0.309,0.376,0.068"
59,"I,vi,V,IV,I","0.145,0.1,0.231,0.562,0.802"
60,"I,vi,V,IV,V","0.145,0.1,0.231,0.562,0.079"
61,"I,vi,V,I,vi","0.145,0.1,0.231,0.167,0.515"
62,"I,vi,V,I,IV","0.145,0.1,0.231,0.167,0.214"
63,"I,vi,V,I,V","0.145,0.1,0.231,0.167,0.097"
64,"I,vi,V,I,IV<sup>6</sup><sub>4</sub>","0.145,0.1,0.231,0.167,0.058"
65,"I,vi,V,I,ii","0.145,0.1,0.231,0.167,0.058"
66,"I,vi,V,ii,I","0.145,0.1,0.231,0.087,0.741"
67,"I,vi,V,ii,vi","0.145,0.1,0.231,0.087,0.138"
68,"I,vi,V,ii,IV","0.145,0.1,0.231,0.087,0.069"
69,"I,vi,V,ii,V","0.145,0.1,0.231,0.087,0.052"
70,"I,vi,V,vi,V","0.145,0.1,0.231,0.055,0.405"
71,"I,vi,V,vi,iii","0.145,0.1,0.231,0.055,0.216"
72,"I,vi,V,vi,I","0.145,0.1,0.231,0.055,0.162"
73,"I,vi,V,vi,V/V","0.145,0.1,0.231,0.055,0.108"
74,"I,vi,V,vi,IV","0.145,0.1,0.231,0.055,0.108"
75,"I,vi,I,vi,I","0.145,0.1,0.105,0.519,0.588"
76,"I,vi,I,vi,IV","0.145,0.1,0.105,0.519,0.144"
77,"I,vi,I,vi,V","0.145,0.1,0.105,0.519,0.078"
78,"I,vi,I,vi,ii","0.145,0.1,0.105,0.519,0.065"
79,"I,vi,I,IV,I","0.145,0.1,0.105,0.205,0.443"
80,"I,vi,I,IV,V","0.145,0.1,0.105,0.205,0.361"
81,"I,vi,I,IV,I<sup>6</sup>","0.145,0.1,0.105,0.205,0.098"
82,"I,vi,I,IV,vi","0.145,0.1,0.105,0.205,0.066"
83,"I,vi,I,V,I","0.145,0.1,0.105,0.092,0.357"
84,"I,vi,I,V,ii","0.145,0.1,0.105,0.092,0.286"
85,"I,vi,I,V,IV","0.145,0.1,0.105,0.092,0.286"
86,"I,vi,I,V,vi","0.145,0.1,0.105,0.092,0.071"
87,"I,vi,I,iii,IV","0.145,0.1,0.105,0.069,0.524"
88,"I,vi,I,iii,V","0.145,0.1,0.105,0.069,0.286"
89,"I,vi,I,iii,vi<sup>7</sup>","0.145,0.1,0.105,0.069,0.095"
90,"I,vi,ii,V,I","0.145,0.1,0.094,0.487,0.872"
91,"I,vi,ii,V,vi","0.145,0.1,0.094,0.487,0.056"
92,"I,vi,ii,IV,I","0.145,0.1,0.094,0.148,0.385"
93,"I,vi,ii,IV,iii","0.145,0.1,0.094,0.148,0.231"
94,"I,vi,ii,IV,I<sup>6</sup>","0.145,0.1,0.094,0.148,0.154"
95,"I,vi,ii,IV,V","0.145,0.1,0.094,0.148,0.128"
96,"I,vi,ii,IV,V<sup>7</sup>","0.145,0.1,0.094,0.148,0.051"
97,"I,vi,ii,IV,ii","0.145,0.1,0.094,0.148,0.051"
98,"I,vi,ii,V<sup>7</sup>,I","0.145,0.1,0.094,0.087,0.909"
99,"I,vi,ii,I,vi","0.145,0.1,0.094,0.087,0.696"
100,"I,vi,ii,I,ii","0.145,0.1,0.094,0.087,0.087"
101,"I,vi,ii,I,V","0.145,0.1,0.094,0.087,0.087"
102,"I,vi,ii,I,iii","0.145,0.1,0.094,0.087,0.087"
103,"I,vi,iii,IV,I","0.145,0.1,0.082,0.497,0.517"
104,"I,vi,iii,IV,V","0.145,0.1,0.082,0.497,0.229"
105,"I,vi,iii,IV,ii","0.145,0.1,0.082,0.497,0.068"
106,"I,vi,iii,V,I","0.145,0.1,0.082,0.247,0.852"
107,"I,vi,iii,I,vi","0.145,0.1,0.082,0.105,0.846"
108,"I,vi,iii,I,IV","0.145,0.1,0.082,0.105,0.154"
109,"I,ii,vi,IV,I","0.145,0.06,0.252,0.378,0.878"
110,"I,ii,vi,V,I","0.145,0.06,0.252,0.205,0.471"
111,"I,ii,vi,V,IV","0.145,0.06,0.252,0.205,0.259"
112,"I,ii,vi,V,vi","0.145,0.06,0.252,0.205,0.118"
113,"I,ii,vi,I,ii","0.145,0.06,0.252,0.132,0.927"
114,"I,ii,vi,I,IV","0.145,0.06,0.252,0.132,0.055"
115,"I,ii,IV,V,I","0.145,0.06,0.158,0.315,0.59"
116,"I,ii,IV,V,vi","0.145,0.06,0.158,0.315,0.269"
117,"I,ii,IV,V,ii","0.145,0.06,0.158,0.315,0.103"
118,"I,ii,IV,I,ii","0.145,0.06,0.158,0.25,0.547"
119,"I,ii,IV,I,V","0.145,0.06,0.158,0.25,0.219"
120,"I,ii,IV,I,vi","0.145,0.06,0.158,0.25,0.063"
121,"I,ii,IV,I,V<sup>6</sup>","0.145,0.06,0.158,0.25,0.063"
122,"I,ii,IV,vi,I","0.145,0.06,0.158,0.2,0.636"
123,"I,ii,IV,vi,V","0.145,0.06,0.158,0.2,0.218"
124,"I,ii,IV,vi,iii","0.145,0.06,0.158,0.2,0.073"
125,"I,ii,IV,vi,IV","0.145,0.06,0.158,0.2,0.073"
126,"I,ii,IV,V/vi,vi","0.145,0.06,0.158,0.072,0.778"
127,"I,ii,IV,V/vi,ii","0.145,0.06,0.158,0.072,0.222"
128,"I,ii,iii,IV,V","0.145,0.06,0.154,0.635,0.585"
129,"I,ii,iii,IV,iii","0.145,0.06,0.154,0.635,0.152"
130,"I,ii,iii,IV,I","0.145,0.06,0.154,0.635,0.099"
131,"I,ii,iii,IV,I<sup>6</sup>","0.145,0.06,0.154,0.635,0.058"
132,"I,ii,iii,I,IV","0.145,0.06,0.154,0.109,0.207"
133,"I,ii,iii,I,v","0.145,0.06,0.154,0.109,0.069"
134,"I,ii,iii,I,vi","0.145,0.06,0.154,0.109,0.069"
135,"I,ii,iii,vi,IV","0.145,0.06,0.154,0.097,0.385"
136,"I,ii,iii,vi,I","0.145,0.06,0.154,0.097,0.308"
137,"I,ii,iii,vi,V","0.145,0.06,0.154,0.097,0.154"
138,"I,ii,iii,vi,V<sup>6</sup>","0.145,0.06,0.154,0.097,0.077"
139,"I,ii,iii,vi,iii<sup>6</sup>","0.145,0.06,0.154,0.097,0.077"
140,"I,ii,I,ii,I","0.145,0.06,0.126,0.522,0.716"
141,"I,ii,I,ii,vi","0.145,0.06,0.126,0.522,0.073"
142,"I,ii,I,ii,IV","0.145,0.06,0.126,0.522,0.055"
143,"I,ii,I,V,ii","0.145,0.06,0.126,0.119,0.348"
144,"I,ii,I,V,I","0.145,0.06,0.126,0.119,0.304"
145,"I,ii,I,V,vi","0.145,0.06,0.126,0.119,0.174"
146,"I,ii,I,V,IV","0.145,0.06,0.126,0.119,0.087"
147,"I,ii,I,IV,I","0.145,0.06,0.126,0.084,0.471"
148,"I,ii,I,IV,V","0.145,0.06,0.126,0.084,0.294"
149,"I,ii,I,IV,ii","0.145,0.06,0.126,0.084,0.235"
150,"I,ii,I,iii,vi","0.145,0.06,0.126,0.06,0.462"
151,"I,ii,I,iii,IV","0.145,0.06,0.126,0.06,0.308"
152,"I,ii,I,vi,V","0.145,0.06,0.126,0.054,0.5"
153,"I,ii,I,V<sup>6</sup>,I","0.145,0.06,0.126,0.051,0.455"
154,"I,ii,I,V<sup>6</sup>,vi","0.145,0.06,0.126,0.051,0.364"
155,"I,ii,I,V<sup>6</sup>,iii<sup>6</sup>","0.145,0.06,0.126,0.051,0.182"
156,"I,ii,V,I,ii","0.145,0.06,0.094,0.299,0.357"
157,"I,ii,V,I,IV","0.145,0.06,0.094,0.299,0.19"
158,"I,ii,V,I,V","0.145,0.06,0.094,0.299,0.095"
159,"I,ii,V,I,V<sup>6</sup>","0.145,0.06,0.094,0.299,0.095"
160,"I,ii,V,I,I<sup>4</sup><sub>2</sub>","0.145,0.06,0.094,0.299,0.071"
161,"I,ii,V,IV,I","0.145,0.06,0.094,0.234,0.556"
162,"I,ii,V,IV,V","0.145,0.06,0.094,0.234,0.222"
163,"I,ii,V,IV,I<sup>6</sup>","0.145,0.06,0.094,0.234,0.056"
164,"I,ii,V,vi,V","0.145,0.06,0.094,0.205,0.4"
165,"I,ii,V,vi,I","0.145,0.06,0.094,0.205,0.333"
166,"I,ii,V,vi,ii<sup>7</sup>","0.145,0.06,0.094,0.205,0.067"
167,"I,ii,V,vi,ii","0.145,0.06,0.094,0.205,0.067"
168,"I,ii,V,V<sup>7</sup>,I","0.145,0.06,0.094,0.053,0.5"
169,"I,ii,I<sup>6</sup>,IV,V","0.145,0.06,0.052,0.79,0.288"
170,"I,ii,I<sup>6</sup>,IV,I<sup>6</sup>","0.145,0.06,0.052,0.79,0.247"
171,"I,ii,I<sup>6</sup>,IV,I","0.145,0.06,0.052,0.79,0.137"
172,"I,ii,I<sup>6</sup>,IV,I<sup>6</sup><sub>4</sub>","0.145,0.06,0.052,0.79,0.137"
173,"I,ii,I<sup>6</sup>,IV,V<sup>6</sup><sub>5</sub>/V","0.145,0.06,0.052,0.79,0.055"
174,"IV,I,V,vi,IV","0.142,0.289,0.44,0.44,0.839"
175,"IV,I,V,vi,V","0.142,0.289,0.44,0.44,0.076"
176,"IV,I,V,IV,I","0.142,0.289,0.44,0.229,0.781"
177,"IV,I,V,IV,V","0.142,0.289,0.44,0.229,0.095"
178,"IV,I,V,IV,vi","0.142,0.289,0.44,0.229,0.057"
179,"IV,I,V,I,IV","0.142,0.289,0.44,0.128,0.549"
180,"IV,I,V,I,V","0.142,0.289,0.44,0.128,0.233"
181,"IV,I,V,ii,IV","0.142,0.289,0.44,0.095,0.863"
182,"IV,I,IV,I,IV","0.142,0.289,0.159,0.552,0.618"
183,"IV,I,IV,I,V","0.142,0.289,0.159,0.552,0.186"
184,"IV,I,IV,V,IV","0.142,0.289,0.159,0.192,0.429"
185,"IV,I,IV,V,I","0.142,0.289,0.159,0.192,0.335"
186,"IV,I,IV,V,vi","0.142,0.289,0.159,0.192,0.143"
187,"IV,I,IV,vi,V","0.142,0.289,0.159,0.084,0.411"
188,"IV,I,IV,vi,IV","0.142,0.289,0.159,0.084,0.383"
189,"IV,I,vi,V,IV","0.142,0.289,0.112,0.401,0.891"
190,"IV,I,vi,IV,I","0.142,0.289,0.112,0.319,0.884"
191,"IV,I,vi,iii,IV","0.142,0.289,0.112,0.082,0.829"
192,"IV,I,vi,iii,vi","0.142,0.289,0.112,0.082,0.053"
193,"IV,I,vi,I,IV","0.142,0.289,0.112,0.071,0.545"
194,"IV,I,vi,I,vi","0.142,0.289,0.112,0.071,0.136"
195,"IV,I,vi,I,V","0.142,0.289,0.112,0.071,0.121"
196,"IV,I,vi,I,iii","0.142,0.289,0.112,0.071,0.106"
197,"IV,V,vi,IV,V","0.142,0.288,0.362,0.285,0.808"
198,"IV,V,vi,IV,I","0.142,0.288,0.362,0.285,0.075"
199,"IV,V,vi,V,IV","0.142,0.288,0.362,0.218,0.654"
200,"IV,V,vi,V,I","0.142,0.288,0.362,0.218,0.099"
201,"IV,V,vi,V,vi","0.142,0.288,0.362,0.218,0.097"
202,"IV,V,vi,I,IV","0.142,0.288,0.362,0.156,0.669"
203,"IV,V,vi,I,V","0.142,0.288,0.362,0.156,0.106"
204,"IV,V,vi,iii,IV","0.142,0.288,0.362,0.081,0.804"
205,"IV,V,vi,iii,V","0.142,0.288,0.362,0.081,0.055"
206,"IV,V,I,IV,V","0.142,0.288,0.283,0.273,0.711"
207,"IV,V,I,IV,I","0.142,0.288,0.283,0.273,0.113"
208,"IV,V,I,V,IV","0.142,0.288,0.283,0.195,0.477"
209,"IV,V,I,V,vi","0.142,0.288,0.283,0.195,0.293"
210,"IV,V,I,V,I","0.142,0.288,0.283,0.195,0.108"
211,"IV,V,I,vi,IV","0.142,0.288,0.283,0.169,0.793"
212,"IV,V,IV,V,IV","0.142,0.288,0.111,0.511,0.542"
213,"IV,V,IV,V,I","0.142,0.288,0.111,0.511,0.157"
214,"IV,V,IV,V,vi","0.142,0.288,0.111,0.511,0.13"
215,"IV,V,IV,V,iii","0.142,0.288,0.111,0.511,0.056"
216,"IV,V,IV,I,IV","0.142,0.288,0.111,0.204,0.587"
217,"IV,V,IV,I,V","0.142,0.288,0.111,0.204,0.162"
218,"IV,V,IV,I,&#9837;VII","0.142,0.288,0.111,0.204,0.067"
219,"IV,V,IV,iii,IV","0.142,0.288,0.111,0.071,0.375"
220,"IV,V,IV,iii,ii","0.142,0.288,0.111,0.071,0.188"
221,"IV,V,IV,iii,V","0.142,0.288,0.111,0.071,0.094"
222,"IV,V,IV,iii,vi","0.142,0.288,0.111,0.071,0.094"
223,"IV,V,IV,iii,vii&deg;/vi","0.142,0.288,0.111,0.071,0.063"
224,"IV,V,IV,iii,I","0.142,0.288,0.111,0.071,0.063"
225,"IV,V,IV,vi,V","0.142,0.288,0.111,0.052,0.467"
226,"IV,V,IV,vi,IV","0.142,0.288,0.111,0.052,0.289"
227,"IV,V,IV,vi,I<sup>6</sup>","0.142,0.288,0.111,0.052,0.067"
228,"IV,V,iii,vi,IV","0.142,0.288,0.068,0.688,0.469"
229,"IV,V,iii,vi,ii","0.142,0.288,0.068,0.688,0.298"
230,"IV,V,iii,vi,V","0.142,0.288,0.068,0.688,0.105"
231,"IV,V,iii,IV,V","0.142,0.288,0.068,0.2,0.434"
232,"IV,V,iii,IV,ii","0.142,0.288,0.068,0.2,0.283"
233,"IV,V,iii,IV,iii","0.142,0.288,0.068,0.2,0.104"
234,"IV,V,iii,IV,vi","0.142,0.288,0.068,0.2,0.094"
235,"IV,vi,V,IV,vi","0.142,0.096,0.456,0.363,0.598"
236,"IV,vi,V,IV,V","0.142,0.096,0.456,0.363,0.134"
237,"IV,vi,V,IV,I","0.142,0.096,0.456,0.363,0.132"
238,"IV,vi,V,IV,ii","0.142,0.096,0.456,0.363,0.077"
239,"IV,vi,V,I,IV","0.142,0.096,0.456,0.265,0.683"
240,"IV,vi,V,I,V","0.142,0.096,0.456,0.265,0.085"
241,"IV,vi,V,I,ii","0.142,0.096,0.456,0.265,0.069"
242,"IV,vi,V,ii,IV","0.142,0.096,0.456,0.091,0.741"
243,"IV,vi,V,ii,iii","0.142,0.096,0.456,0.091,0.148"
244,"IV,vi,V,ii,vi","0.142,0.096,0.456,0.091,0.056"
245,"IV,vi,V,iii,IV","0.142,0.096,0.456,0.085,0.88"
246,"IV,vi,V,iii,vi","0.142,0.096,0.456,0.085,0.06"
247,"IV,vi,V,vi,IV","0.142,0.096,0.456,0.083,0.333"
248,"IV,vi,V,vi,V","0.142,0.096,0.456,0.083,0.222"
249,"IV,vi,V,vi,I<sup>6</sup>","0.142,0.096,0.456,0.083,0.222"
250,"IV,vi,V,vi,I","0.142,0.096,0.456,0.083,0.101"
251,"IV,vi,V,vi,iii","0.142,0.096,0.456,0.083,0.061"
252,"IV,vi,I,V,IV","0.142,0.096,0.167,0.425,0.719"
253,"IV,vi,I,V,ii","0.142,0.096,0.167,0.425,0.124"
254,"IV,vi,I,V,vi","0.142,0.096,0.167,0.425,0.09"
255,"IV,vi,I,IV,vi","0.142,0.096,0.167,0.254,0.727"
256,"IV,vi,I,IV,ii","0.142,0.096,0.167,0.254,0.131"
257,"IV,vi,I,IV,V","0.142,0.096,0.167,0.254,0.051"
258,"IV,vi,I,iii,IV","0.142,0.096,0.167,0.101,0.867"
259,"IV,vi,I,ii,IV","0.142,0.096,0.167,0.092,0.641"
260,"IV,vi,I,ii,&#9837;VII","0.142,0.096,0.167,0.092,0.179"
261,"IV,vi,I,ii,vi","0.142,0.096,0.167,0.092,0.103"
262,"IV,vi,I,ii,V","0.142,0.096,0.167,0.092,0.077"
263,"IV,vi,IV,vi,IV","0.142,0.096,0.133,0.48,0.573"
264,"IV,vi,IV,vi,V","0.142,0.096,0.133,0.48,0.177"
265,"IV,vi,IV,vi,I","0.142,0.096,0.133,0.48,0.061"
266,"IV,vi,IV,I,IV","0.142,0.096,0.133,0.223,0.649"
267,"IV,vi,IV,I,V","0.142,0.096,0.133,0.223,0.156"
268,"IV,vi,IV,I,vi","0.142,0.096,0.133,0.223,0.052"
269,"IV,vi,IV,I,V<sup>6</sup>","0.142,0.096,0.133,0.223,0.052"
270,"IV,vi,IV,V,vi","0.142,0.096,0.133,0.145,0.429"
271,"IV,vi,IV,V,I","0.142,0.096,0.133,0.145,0.214"
272,"IV,vi,IV,V,IV","0.142,0.096,0.133,0.145,0.095"
273,"IV,vi,IV,V,ii","0.142,0.096,0.133,0.145,0.095"
274,"vi,IV,I,V,vi","0.138,0.232,0.433,0.563,0.829"
275,"vi,IV,I,V,IV","0.138,0.232,0.433,0.563,0.058"
276,"vi,IV,I,vi,IV","0.138,0.232,0.433,0.106,0.92"
277,"vi,IV,I,ii,vi","0.138,0.232,0.433,0.07,0.775"
278,"vi,IV,I,ii,iii","0.138,0.232,0.433,0.07,0.052"
279,"vi,IV,I,V<sup>6</sup>,vi","0.138,0.232,0.433,0.054,0.826"
280,"vi,IV,I,V<sup>6</sup>,V","0.138,0.232,0.433,0.054,0.09"
281,"vi,IV,V,vi,IV","0.138,0.232,0.313,0.395,0.664"
282,"vi,IV,V,vi,V","0.138,0.232,0.313,0.395,0.094"
283,"vi,IV,V,vi,I","0.138,0.232,0.313,0.395,0.051"
284,"vi,IV,V,I,vi","0.138,0.232,0.313,0.296,0.419"
285,"vi,IV,V,I,V","0.138,0.232,0.313,0.296,0.179"
286,"vi,IV,V,I,IV","0.138,0.232,0.313,0.296,0.098"
287,"vi,IV,V,I,V<sup>6</sup>","0.138,0.232,0.313,0.296,0.072"
288,"vi,IV,V,iii,vi","0.138,0.232,0.313,0.099,0.665"
289,"vi,IV,V,iii,IV","0.138,0.232,0.313,0.099,0.266"
290,"vi,IV,V,ii,vi","0.138,0.232,0.313,0.067,0.608"
291,"vi,IV,V,ii,IV","0.138,0.232,0.313,0.067,0.16"
292,"vi,IV,V,ii,iii","0.138,0.232,0.313,0.067,0.12"
293,"vi,IV,ii,V,vi","0.138,0.232,0.059,0.294,0.775"
294,"vi,IV,ii,V,vii&deg;/vi","0.138,0.232,0.059,0.294,0.137"
295,"vi,IV,ii,V,I","0.138,0.232,0.059,0.294,0.059"
296,"vi,IV,ii,vi,IV","0.138,0.232,0.059,0.16,0.66"
297,"vi,IV,ii,vi,I","0.138,0.232,0.059,0.16,0.24"
298,"vi,IV,ii,V/vi,vi","0.138,0.232,0.059,0.16,0.827"
299,"vi,IV,ii,V/vi,V<sup>6</sup>/vi","0.138,0.232,0.059,0.16,0.096"
300,"vi,IV,ii,IV,iii","0.138,0.232,0.059,0.125,0.279"
301,"vi,IV,ii,IV,V","0.138,0.232,0.059,0.125,0.163"
302,"vi,IV,ii,IV,vi","0.138,0.232,0.059,0.125,0.14"
303,"vi,IV,ii,IV,I","0.138,0.232,0.059,0.125,0.14"
304,"vi,IV,ii,IV,V<sup>6</sup>/vi","0.138,0.232,0.059,0.125,0.093"
305,"vi,IV,ii,iii,vi","0.138,0.232,0.059,0.085,0.323"
306,"vi,IV,ii,iii,IV","0.138,0.232,0.059,0.085,0.29"
307,"vi,IV,ii,iii,iii<sup>7</sup>","0.138,0.232,0.059,0.085,0.065"
308,"vi,IV,ii,I,vi","0.138,0.232,0.059,0.077,0.462"
309,"vi,IV,ii,I,V","0.138,0.232,0.059,0.077,0.154"
310,"vi,IV,ii,I,V<sup>6</sup>","0.138,0.232,0.059,0.077,0.115"
311,"vi,IV,ii,I,v<sup>6</sup>","0.138,0.232,0.059,0.077,0.077"
312,"vi,IV,vi,IV,vi","0.138,0.232,0.052,0.45,0.679"
313,"vi,IV,vi,IV,V","0.138,0.232,0.052,0.45,0.102"
314,"vi,IV,vi,IV,I","0.138,0.232,0.052,0.45,0.088"
315,"vi,IV,vi,V,IV","0.138,0.232,0.052,0.241,0.382"
316,"vi,IV,vi,V,vi","0.138,0.232,0.052,0.241,0.289"
317,"vi,IV,vi,V,I","0.138,0.232,0.052,0.241,0.158"
318,"vi,IV,vi,V,iii","0.138,0.232,0.052,0.241,0.079"
319,"vi,IV,vi,V,ii","0.138,0.232,0.052,0.241,0.053"
320,"vi,IV,vi,I,V","0.138,0.232,0.052,0.067,0.273"
321,"vi,IV,vi,I,IV<sup>6</sup><sub>4</sub>","0.138,0.232,0.052,0.067,0.182"
322,"vi,IV,vi,I,iii<sup>6</sup><sub>4</sub>","0.138,0.232,0.052,0.067,0.091"
323,"vi,IV,vi,I,vi","0.138,0.232,0.052,0.067,0.091"
324,"vi,IV,vi,I,I<sup>6</sup>","0.138,0.232,0.052,0.067,0.091"
325,"vi,IV,vi,I,IV","0.138,0.232,0.052,0.067,0.091"
326,"vi,IV,vi,I,ii","0.138,0.232,0.052,0.067,0.091"
327,"vi,V,IV,V,vi","0.138,0.202,0.429,0.261,0.625"
328,"vi,V,IV,V,I","0.138,0.202,0.429,0.261,0.193"
329,"vi,V,IV,V,IV","0.138,0.202,0.429,0.261,0.078"
330,"vi,V,IV,I,vi","0.138,0.202,0.429,0.237,0.479"
331,"vi,V,IV,I,V","0.138,0.202,0.429,0.237,0.234"
332,"vi,V,IV,I,IV","0.138,0.202,0.429,0.237,0.069"
333,"vi,V,IV,vi,V","0.138,0.202,0.429,0.156,0.825"
334,"vi,V,IV,vi,IV","0.138,0.202,0.429,0.156,0.074"
335,"vi,V,IV,iii,vi","0.138,0.202,0.429,0.095,0.456"
336,"vi,V,IV,iii,ii","0.138,0.202,0.429,0.095,0.228"
337,"vi,V,IV,iii,IV","0.138,0.202,0.429,0.095,0.136"
338,"vi,V,IV,iii,I","0.138,0.202,0.429,0.095,0.057"
339,"vi,V,IV,ii,vi","0.138,0.202,0.429,0.083,0.43"
340,"vi,V,IV,ii,I","0.138,0.202,0.429,0.083,0.207"
341,"vi,V,IV,ii,V","0.138,0.202,0.429,0.083,0.104"
342,"vi,V,IV,ii,iii","0.138,0.202,0.429,0.083,0.098"
343,"vi,V,I,IV,vi","0.138,0.202,0.17,0.399,0.579"
344,"vi,V,I,IV,V","0.138,0.202,0.17,0.399,0.178"
345,"vi,V,I,IV,I","0.138,0.202,0.17,0.399,0.105"
346,"vi,V,I,V,vi","0.138,0.202,0.17,0.152,0.434"
347,"vi,V,I,V,IV","0.138,0.202,0.17,0.152,0.315"
348,"vi,V,I,V,I","0.138,0.202,0.17,0.152,0.168"
349,"vi,V,I,vi,V","0.138,0.202,0.17,0.108,0.769"
350,"vi,V,I,vi,I","0.138,0.202,0.17,0.108,0.115"
351,"vi,V,I,ii,vi","0.138,0.202,0.17,0.1,0.426"
352,"vi,V,I,ii,IV","0.138,0.202,0.17,0.1,0.106"
353,"vi,V,I,ii,ii<sup>6</sup>","0.138,0.202,0.17,0.1,0.106"
354,"vi,V,I,ii,iii","0.138,0.202,0.17,0.1,0.106"
355,"vi,V,I,ii,I<sup>6</sup>","0.138,0.202,0.17,0.1,0.085"
356,"vi,V,I,ii,I","0.138,0.202,0.17,0.1,0.085"
357,"vi,V,I,iii,vi","0.138,0.202,0.17,0.071,0.609"
358,"vi,V,I,iii,IV","0.138,0.202,0.17,0.071,0.13"
359,"vi,V,I,iii,iii<sup>6</sup>","0.138,0.202,0.17,0.071,0.087"
360,"vi,V,I,iii,V","0.138,0.202,0.17,0.071,0.087"
361,"vi,V,I,iii,I","0.138,0.202,0.17,0.071,0.058"
362,"vi,V,vi,V,vi","0.138,0.202,0.149,0.515,0.692"
363,"vi,V,vi,V,IV","0.138,0.202,0.149,0.515,0.148"
364,"vi,V,vi,I,V","0.138,0.202,0.149,0.127,0.44"
365,"vi,V,vi,I,ii","0.138,0.202,0.149,0.127,0.202"
366,"vi,V,vi,I,vi","0.138,0.202,0.149,0.127,0.156"
367,"vi,V,vi,I,vii&deg;","0.138,0.202,0.149,0.127,0.073"
368,"vi,V,vi,I,IV","0.138,0.202,0.149,0.127,0.055"
369,"vi,V,vi,IV,vi","0.138,0.202,0.149,0.09,0.32"
370,"vi,V,vi,IV,I","0.138,0.202,0.149,0.09,0.24"
371,"vi,V,vi,IV,V","0.138,0.202,0.149,0.09,0.24"
372,"vi,V,vi,IV,vii&deg;/V","0.138,0.202,0.149,0.09,0.107"
373,"vi,V,vi,IV,I<sup>6</sup>","0.138,0.202,0.149,0.09,0.053"
374,"vi,V,vi,iii,IV","0.138,0.202,0.149,0.066,0.37"
375,"vi,V,vi,iii,vi","0.138,0.202,0.149,0.066,0.37"
376,"vi,V,vi,iii,V","0.138,0.202,0.149,0.066,0.111"
377,"vi,V,vi,iii,ii","0.138,0.202,0.149,0.066,0.111"
378,"vi,V,vi,ii,I","0.138,0.202,0.149,0.052,0.318"
379,"vi,V,vi,ii,V","0.138,0.202,0.149,0.052,0.25"
380,"vi,V,vi,ii,vi","0.138,0.202,0.149,0.052,0.227"
381,"vi,V,vi,ii,iii","0.138,0.202,0.149,0.052,0.182"
382,"vi,V,ii,IV,vi","0.138,0.202,0.062,0.364,0.568"
383,"vi,V,ii,IV,V","0.138,0.202,0.062,0.364,0.24"
384,"vi,V,ii,IV,iii","0.138,0.202,0.062,0.364,0.096"
385,"vi,V,ii,IV,I","0.138,0.202,0.062,0.364,0.08"
386,"vi,V,ii,I,vi","0.138,0.202,0.062,0.202,0.471"
387,"vi,V,ii,I,ii","0.138,0.202,0.062,0.202,0.147"
388,"vi,V,ii,I,IV","0.138,0.202,0.062,0.202,0.088"
389,"vi,V,ii,I,V","0.138,0.202,0.062,0.202,0.074"
390,"vi,V,ii,vi,V","0.138,0.202,0.062,0.194,0.785"
391,"vi,V,ii,vi,IV","0.138,0.202,0.062,0.194,0.092"
392,"vi,V,ii,vi,&#9837;VII","0.138,0.202,0.062,0.194,0.062"
393,"vi,V,ii,iii,IV","0.138,0.202,0.062,0.084,0.643"
394,"vi,V,ii,iii,vi","0.138,0.202,0.062,0.084,0.214"
395,"vi,V,ii,iii,iii<sup>6</sup><sub>4</sub>","0.138,0.202,0.062,0.084,0.071"
396,"vi,V,ii,iii,IV<sup>7</sup>","0.138,0.202,0.062,0.084,0.071"
397,"vi,V,ii,V,I","0.138,0.202,0.062,0.069,0.5"
398,"vi,V,ii,V,vi","0.138,0.202,0.062,0.069,0.364"
399,"vi,V,ii,V,IV","0.138,0.202,0.062,0.069,0.091"
400,"vi,I,V,IV,vi","0.138,0.106,0.306,0.299,0.758"
401,"vi,I,V,IV,V","0.138,0.106,0.306,0.299,0.078"
402,"vi,I,V,IV,I","0.138,0.106,0.306,0.299,0.061"
403,"vi,I,V,vi,I","0.138,0.106,0.306,0.248,0.431"
404,"vi,I,V,vi,V","0.138,0.106,0.306,0.248,0.25"
405,"vi,I,V,vi,IV","0.138,0.106,0.306,0.248,0.162"
406,"vi,I,V,vi,iii","0.138,0.106,0.306,0.248,0.097"
407,"vi,I,V,ii,vi","0.138,0.106,0.306,0.224,0.701"
408,"vi,I,V,ii,I","0.138,0.106,0.306,0.224,0.103"
409,"vi,I,V,ii,IV","0.138,0.106,0.306,0.224,0.077"
410,"vi,I,V,ii,iii","0.138,0.106,0.306,0.224,0.072"
411,"vi,I,V,I,IV","0.138,0.106,0.306,0.056,0.449"
412,"vi,I,V,I,ii","0.138,0.106,0.306,0.056,0.163"
413,"vi,I,V,I,V","0.138,0.106,0.306,0.056,0.163"
414,"vi,I,V,I,vi","0.138,0.106,0.306,0.056,0.082"
415,"vi,I,IV,V,vi","0.138,0.106,0.276,0.421,0.751"
416,"vi,I,IV,V,I","0.138,0.106,0.276,0.421,0.082"
417,"vi,I,IV,V,ii","0.138,0.106,0.276,0.421,0.067"
418,"vi,I,IV,vi,I","0.138,0.106,0.276,0.149,0.808"
419,"vi,I,IV,vi,V","0.138,0.106,0.276,0.149,0.175"
420,"vi,I,IV,I,vi","0.138,0.106,0.276,0.119,0.337"
421,"vi,I,IV,I,IV","0.138,0.106,0.276,0.119,0.261"
422,"vi,I,IV,I,V","0.138,0.106,0.276,0.119,0.239"
423,"vi,I,IV,ii,vi","0.138,0.106,0.276,0.11,0.612"
424,"vi,I,IV,ii,iii","0.138,0.106,0.276,0.11,0.129"
425,"vi,I,IV,ii,V","0.138,0.106,0.276,0.11,0.082"
426,"vi,I,IV,V/vi,vi","0.138,0.106,0.276,0.057,0.907"
427,"vi,I,IV,V/vi,ii","0.138,0.106,0.276,0.057,0.093"
428,"vi,I,vi,I,vi","0.138,0.106,0.096,0.445,0.744"
429,"vi,I,vi,I,iii","0.138,0.106,0.096,0.445,0.083"
430,"vi,I,vi,I,IV","0.138,0.106,0.096,0.445,0.058"
431,"vi,I,vi,V,IV","0.138,0.106,0.096,0.186,0.392"
432,"vi,I,vi,V,vi","0.138,0.106,0.096,0.186,0.196"
433,"vi,I,vi,V,V/V","0.138,0.106,0.096,0.186,0.118"
434,"vi,I,vi,V,I","0.138,0.106,0.096,0.186,0.098"
435,"vi,I,vi,IV,V","0.138,0.106,0.096,0.135,0.324"
436,"vi,I,vi,IV,I","0.138,0.106,0.096,0.135,0.189"
437,"vi,I,vi,IV,V/vi","0.138,0.106,0.096,0.135,0.189"
438,"vi,I,vi,IV,vi","0.138,0.106,0.096,0.135,0.108"
439,"vi,I,vi,IV,V<sup>6</sup>","0.138,0.106,0.096,0.135,0.054"
440,"vi,I,vi,IV,vii&deg;/V","0.138,0.106,0.096,0.135,0.054"
441,"vi,I,vi,ii,IV","0.138,0.106,0.096,0.067,0.368"
442,"vi,I,vi,ii,V","0.138,0.106,0.096,0.067,0.211"
443,"vi,I,vi,ii,I","0.138,0.106,0.096,0.067,0.105"
444,"vi,I,vi,ii,V<sup>7</sup>/iii","0.138,0.106,0.096,0.067,0.105"
445,"vi,I,vi,ii,iv","0.138,0.106,0.096,0.067,0.105"
446,"vi,I,ii,IV,vi","0.138,0.106,0.094,0.301,0.513"
447,"vi,I,ii,IV,V/vi","0.138,0.106,0.094,0.301,0.218"
448,"vi,I,ii,IV,V","0.138,0.106,0.094,0.301,0.128"
449,"vi,I,ii,vi,I","0.138,0.106,0.094,0.224,0.672"
450,"vi,I,ii,vi,iii","0.138,0.106,0.094,0.224,0.121"
451,"vi,I,ii,vi,IV","0.138,0.106,0.094,0.224,0.086"
452,"vi,I,ii,vi,ii<sup>6</sup><sub>5</sub>","0.138,0.106,0.094,0.224,0.069"
453,"vi,I,ii,vi,V","0.138,0.106,0.094,0.224,0.052"
454,"vi,I,ii,iii,IV","0.138,0.106,0.094,0.136,0.405"
455,"vi,I,ii,iii,vi","0.138,0.106,0.094,0.136,0.27"
456,"vi,I,ii,iii,I","0.138,0.106,0.094,0.136,0.162"
457,"vi,I,ii,iii,ii","0.138,0.106,0.094,0.136,0.108"
458,"vi,I,ii,iii,IV<sup>7</sup>","0.138,0.106,0.094,0.136,0.054"
459,"vi,I,ii,V,vi","0.138,0.106,0.094,0.101,0.538"
460,"vi,I,ii,V,I","0.138,0.106,0.094,0.101,0.308"
461,"vi,I,ii,V,V<sup>7</sup>","0.138,0.106,0.094,0.101,0.077"
462,"vi,I,ii,I,ii","0.138,0.106,0.094,0.092,0.64"
463,"vi,I,ii,I,IV","0.138,0.106,0.094,0.092,0.16"
464,"vi,I,iii,IV,vi","0.138,0.106,0.058,0.506,0.602"
465,"vi,I,iii,IV,V","0.138,0.106,0.058,0.506,0.301"
466,"vi,I,iii,vi,I","0.138,0.106,0.058,0.18,0.793"
467,"vi,I,iii,vi,IV","0.138,0.106,0.058,0.18,0.138"
468,"vi,I,iii,V,vi","0.138,0.106,0.058,0.134,0.381"
469,"vi,I,iii,V,IV","0.138,0.106,0.058,0.134,0.286"
470,"vi,I,iii,V,iii","0.138,0.106,0.058,0.134,0.095"
471,"vi,ii,V,I,vi","0.138,0.063,0.276,0.65,0.351"
472,"vi,ii,V,I,ii","0.138,0.063,0.276,0.65,0.216"
473,"vi,ii,V,I,IV","0.138,0.063,0.276,0.65,0.164"
474,"vi,ii,V,I,V<sup>6</sup>","0.138,0.063,0.276,0.65,0.079"
475,"vi,ii,V,IV,vi","0.138,0.063,0.276,0.088,0.651"
476,"vi,ii,V,IV,V","0.138,0.063,0.276,0.088,0.093"
477,"vi,ii,V,IV,V/vi","0.138,0.063,0.276,0.088,0.07"
478,"vi,ii,V,vi,ii","0.138,0.063,0.276,0.078,0.444"
479,"vi,ii,V,vi,&#9837;VII","0.138,0.063,0.276,0.078,0.111"
480,"vi,ii,V,vi,vi<sup>6</sup>","0.138,0.063,0.276,0.078,0.111"
481,"vi,ii,V,vi,IV","0.138,0.063,0.276,0.078,0.111"
482,"vi,ii,V,vi,V","0.138,0.063,0.276,0.078,0.111"
483,"vi,ii,V,vi,I","0.138,0.063,0.276,0.078,0.056"
484,"vi,ii,vi,ii,vi","0.138,0.063,0.175,0.348,0.663"
485,"vi,ii,vi,ii,IV","0.138,0.063,0.175,0.348,0.096"
486,"vi,ii,vi,ii,iii","0.138,0.063,0.175,0.348,0.058"
487,"vi,ii,vi,iii,vi","0.138,0.063,0.175,0.216,0.776"
488,"vi,ii,vi,iii,iii<sup>6</sup>","0.138,0.063,0.175,0.216,0.075"
489,"vi,ii,vi,V/vi,vi","0.138,0.063,0.175,0.059,0.647"
490,"vi,ii,vi,V/vi,V<sup>4</sup><sub>2</sub>/vi","0.138,0.063,0.175,0.059,0.118"
491,"vi,ii,vi,V/vi,vi<sup>6</sup>","0.138,0.063,0.175,0.059,0.118"
492,"vi,ii,vi,IV,V","0.138,0.063,0.175,0.057,0.471"
493,"vi,ii,vi,IV,V/vi","0.138,0.063,0.175,0.057,0.176"
494,"vi,ii,vi,IV,ii","0.138,0.063,0.175,0.057,0.118"
495,"vi,ii,vi,V,vi","0.138,0.063,0.175,0.057,0.563"
496,"vi,ii,vi,V,I","0.138,0.063,0.175,0.057,0.188"
497,"vi,ii,vi,V,iii","0.138,0.063,0.175,0.057,0.125"
498,"vi,ii,vi,V,IV","0.138,0.063,0.175,0.057,0.125"
499,"vi,ii,I,V,vi","0.138,0.063,0.147,0.332,0.424"
500,"vi,ii,I,V,iii","0.138,0.063,0.147,0.332,0.224"
501,"vi,ii,I,V,I","0.138,0.063,0.147,0.332,0.212"
502,"vi,ii,I,ii,vi","0.138,0.063,0.147,0.142,0.541"
503,"vi,ii,I,ii,I","0.138,0.063,0.147,0.142,0.324"
504,"vi,ii,I,ii,V/vi","0.138,0.063,0.147,0.142,0.081"
505,"vi,ii,I,IV,vi","0.138,0.063,0.147,0.112,0.571"
506,"vi,ii,I,IV,V","0.138,0.063,0.147,0.112,0.071"
507,"vi,ii,I,vi,ii","0.138,0.063,0.147,0.11,0.793"
508,"vi,ii,I,vi,I","0.138,0.063,0.147,0.11,0.138"
509,"vi,ii,I,V/vi,vi","0.138,0.063,0.147,0.075,1"
510,"vi,ii,IV,V,vi","0.138,0.063,0.121,0.356,0.451"
511,"vi,ii,IV,V,I","0.138,0.063,0.121,0.356,0.211"
512,"vi,ii,IV,V,IV","0.138,0.063,0.121,0.356,0.169"
513,"vi,ii,IV,V,iii","0.138,0.063,0.121,0.356,0.085"
514,"vi,ii,IV,V,ii","0.138,0.063,0.121,0.356,0.056"
515,"vi,ii,IV,I,vi","0.138,0.063,0.121,0.218,0.419"
516,"vi,ii,IV,I,iii<sup>6</sup><sub>4</sub>","0.138,0.063,0.121,0.218,0.186"
517,"vi,ii,IV,I,V","0.138,0.063,0.121,0.218,0.116"
518,"vi,ii,IV,I,IV<sup>4</sup><sub>3</sub>","0.138,0.063,0.121,0.218,0.093"
519,"vi,ii,IV,V/vi,vi","0.138,0.063,0.121,0.126,0.917"
520,"vi,ii,IV,V/vi,IV","0.138,0.063,0.121,0.126,0.083"
521,"vi,ii,IV,iii,vi","0.138,0.063,0.121,0.074,0.333"
522,"vi,ii,IV,iii,IV","0.138,0.063,0.121,0.074,0.267"
523,"vi,ii,IV,iii,V","0.138,0.063,0.121,0.074,0.267"
524,"vi,ii,IV,iii,I","0.138,0.063,0.121,0.074,0.133"
525,"vi,ii,IV,vi,vi<sup>4</sup><sub>2</sub>","0.138,0.063,0.121,0.064,0.167"
526,"vi,ii,IV,vi,ii<sup>7</sup>","0.138,0.063,0.121,0.064,0.167"
527,"vi,ii,IV,vi,iii","0.138,0.063,0.121,0.064,0.083"
528,"vi,ii,IV,vi,ii","0.138,0.063,0.121,0.064,0.083"
529,"vi,ii,iii,vi,ii","0.138,0.063,0.07,0.464,0.615"
530,"vi,ii,iii,vi,V","0.138,0.063,0.07,0.464,0.192"
531,"vi,ii,iii,vi,IV","0.138,0.063,0.07,0.464,0.115"
532,"vi,ii,iii,IV,V","0.138,0.063,0.07,0.273,0.8"
533,"vi,ii,iii,IV,iii","0.138,0.063,0.07,0.273,0.1"
534,"vi,ii,iii,V,I","0.138,0.063,0.07,0.087,0.444"
535,"vi,iii,IV,V,vi","0.138,0.06,0.447,0.361,0.625"
536,"vi,iii,IV,V,I","0.138,0.06,0.447,0.361,0.217"
537,"vi,iii,IV,V,iii","0.138,0.06,0.447,0.361,0.067"
538,"vi,iii,IV,I,vi","0.138,0.06,0.447,0.284,0.346"
539,"vi,iii,IV,I,V","0.138,0.06,0.447,0.284,0.229"
540,"vi,iii,IV,I,ii","0.138,0.06,0.447,0.284,0.178"
541,"vi,iii,IV,I,IV","0.138,0.06,0.447,0.284,0.131"
542,"vi,iii,IV,ii,iii","0.138,0.06,0.447,0.103,0.359"
543,"vi,iii,IV,ii,V","0.138,0.06,0.447,0.103,0.179"
544,"vi,iii,IV,ii,vi","0.138,0.06,0.447,0.103,0.167"
545,"vi,iii,IV,ii,I","0.138,0.06,0.447,0.103,0.09"
546,"vi,iii,IV,vi,iii","0.138,0.06,0.447,0.078,0.783"
547,"vi,iii,IV,vi,V","0.138,0.06,0.447,0.078,0.183"
548,"vi,iii,vi,iii,vi","0.138,0.06,0.215,0.559,0.653"
549,"vi,iii,vi,iii,V","0.138,0.06,0.215,0.559,0.099"
550,"vi,iii,vi,iii,ii","0.138,0.06,0.215,0.559,0.089"
551,"vi,iii,vi,iii,IV","0.138,0.06,0.215,0.559,0.069"
552,"vi,iii,vi,ii,vi","0.138,0.06,0.215,0.15,0.821"
553,"vi,iii,vi,ii,I","0.138,0.06,0.215,0.15,0.107"
554,"vi,iii,vi,V,I","0.138,0.06,0.215,0.104,0.421"
555,"vi,iii,vi,V,vi","0.138,0.06,0.215,0.104,0.368"
556,"vi,iii,vi,V,IV","0.138,0.06,0.215,0.104,0.158"
557,"vi,iii,vi,IV,iii","0.138,0.06,0.215,0.072,0.185"
558,"vi,iii,vi,IV,ii","0.138,0.06,0.215,0.072,0.148"
559,"vi,iii,V,vi,iii","0.138,0.06,0.121,0.384,0.74"
560,"vi,iii,V,vi,I","0.138,0.06,0.121,0.384,0.078"
561,"vi,iii,V,vi,V","0.138,0.06,0.121,0.384,0.052"
562,"vi,iii,V,I,vi","0.138,0.06,0.121,0.255,0.846"
563,"vi,iii,V,IV,V","0.138,0.06,0.121,0.142,0.357"
564,"vi,iii,V,IV,vi","0.138,0.06,0.121,0.142,0.286"
565,"vi,iii,V,IV,ii","0.138,0.06,0.121,0.142,0.143"
566,"vi,iii,V,IV,I","0.138,0.06,0.121,0.142,0.071"
567,"vi,iii,V,ii,vi","0.138,0.06,0.121,0.116,0.455"
568,"vi,iii,V,ii,iii","0.138,0.06,0.121,0.116,0.136"
569,"vi,iii,V,ii,V","0.138,0.06,0.121,0.116,0.091"
570,"vi,iii,ii,vi,iii","0.138,0.06,0.055,0.312,0.519"
571,"vi,iii,ii,vi,V","0.138,0.06,0.055,0.312,0.074"
572,"vi,iii,ii,V,vi","0.138,0.06,0.055,0.239,0.5"
573,"vi,iii,ii,V,I","0.138,0.06,0.055,0.239,0.375"
574,"vi,iii,ii,iii,vi","0.138,0.06,0.055,0.094,0.75"
575,"vi,iii,ii,iii,IV","0.138,0.06,0.055,0.094,0.25"
576,"vi,iii,ii,IV,vi","0.138,0.06,0.055,0.094,0.5"
577,"vi,iii,ii,IV,V","0.138,0.06,0.055,0.094,0.25"
578,"vi,iii,ii,IV,ii","0.138,0.06,0.055,0.094,0.25"
579,"vi,iii,ii,I,IV","0.138,0.06,0.055,0.058,1"
580,"vi,iii,ii,V/vi,vi","0.138,0.06,0.055,0.051,1"
581,"V,vi,IV,I,V","0.137,0.26,0.352,0.534,0.886"
582,"V,vi,IV,V,vi","0.137,0.26,0.352,0.329,0.658"
583,"V,vi,IV,V,I","0.137,0.26,0.352,0.329,0.168"
584,"V,vi,V,IV,V","0.137,0.26,0.201,0.417,0.539"
585,"V,vi,V,IV,I","0.137,0.26,0.201,0.417,0.169"
586,"V,vi,V,IV,iii","0.137,0.26,0.201,0.417,0.065"
587,"V,vi,V,vi,V","0.137,0.26,0.201,0.307,0.62"
588,"V,vi,V,vi,I","0.137,0.26,0.201,0.307,0.168"
589,"V,vi,V,I,V","0.137,0.26,0.201,0.113,0.426"
590,"V,vi,V,I,IV","0.137,0.26,0.201,0.113,0.315"
591,"V,vi,V,I,ii","0.137,0.26,0.201,0.113,0.099"
592,"V,vi,V,I,vi","0.137,0.26,0.201,0.113,0.056"
593,"V,vi,I,IV,V","0.137,0.26,0.111,0.42,0.799"
594,"V,vi,I,IV,I","0.137,0.26,0.111,0.42,0.08"
595,"V,vi,I,V,vi","0.137,0.26,0.111,0.268,0.608"
596,"V,vi,I,V,IV","0.137,0.26,0.111,0.268,0.171"
597,"V,vi,I,V,I","0.137,0.26,0.111,0.268,0.106"
598,"V,vi,I,ii,IV","0.137,0.26,0.111,0.064,0.245"
599,"V,vi,I,ii,iii","0.137,0.26,0.111,0.064,0.184"
600,"V,vi,I,ii,vi","0.137,0.26,0.111,0.064,0.184"
601,"V,vi,iii,IV,V","0.137,0.26,0.071,0.609,0.561"
602,"V,vi,iii,IV,I","0.137,0.26,0.071,0.609,0.235"
603,"V,vi,iii,IV,ii","0.137,0.26,0.071,0.609,0.058"
604,"V,vi,iii,V,vi","0.137,0.26,0.071,0.122,0.721"
605,"V,vi,iii,V,IV","0.137,0.26,0.071,0.122,0.082"
606,"V,vi,iii,vi,V","0.137,0.26,0.071,0.117,0.333"
607,"V,vi,iii,vi,iii","0.137,0.26,0.071,0.117,0.3"
608,"V,vi,iii,vi,I","0.137,0.26,0.071,0.117,0.067"
609,"V,I,IV,V,I","0.137,0.211,0.28,0.352,0.602"
610,"V,I,IV,V,vi","0.137,0.211,0.28,0.352,0.203"
611,"V,I,IV,V,IV","0.137,0.211,0.28,0.352,0.068"
612,"V,I,IV,I,V","0.137,0.211,0.28,0.245,0.579"
613,"V,I,IV,I,IV","0.137,0.211,0.28,0.245,0.242"
614,"V,I,IV,vi,V","0.137,0.211,0.28,0.149,0.859"
615,"V,I,IV,ii,V","0.137,0.211,0.28,0.057,0.472"
616,"V,I,IV,ii,V/vi","0.137,0.211,0.28,0.057,0.101"
617,"V,I,IV,ii,iii","0.137,0.211,0.28,0.057,0.101"
618,"V,I,IV,ii,V<sup>7</sup>","0.137,0.211,0.28,0.057,0.079"
619,"V,I,V,IV,V","0.137,0.211,0.192,0.322,0.489"
620,"V,I,V,IV,I","0.137,0.211,0.192,0.322,0.266"
621,"V,I,V,IV,vi","0.137,0.211,0.192,0.322,0.065"
622,"V,I,V,I,V","0.137,0.211,0.192,0.281,0.699"
623,"V,I,V,I,IV","0.137,0.211,0.192,0.281,0.169"
624,"V,I,V,vi,IV","0.137,0.211,0.192,0.246,0.422"
625,"V,I,V,vi,V","0.137,0.211,0.192,0.246,0.207"
626,"V,I,V,vi,iii","0.137,0.211,0.192,0.246,0.095"
627,"V,I,V,vi,I","0.137,0.211,0.192,0.246,0.08"
628,"V,I,vi,IV,V","0.137,0.211,0.127,0.443,0.831"
629,"V,I,vi,IV,I","0.137,0.211,0.127,0.443,0.058"
630,"V,I,vi,ii,V","0.137,0.211,0.127,0.164,0.798"
631,"V,I,vi,V,I","0.137,0.211,0.127,0.149,0.625"
632,"V,I,vi,V,IV","0.137,0.211,0.127,0.149,0.163"
633,"V,I,vi,V,vi","0.137,0.211,0.127,0.149,0.096"
634,"V,I,vi,V,ii","0.137,0.211,0.127,0.149,0.058"
635,"V,I,vi,iii,V","0.137,0.211,0.127,0.08,0.655"
636,"V,I,vi,iii,IV","0.137,0.211,0.127,0.08,0.207"
637,"V,I,vi,iii,I","0.137,0.211,0.127,0.08,0.069"
638,"V,I,ii,iii,IV","0.137,0.211,0.061,0.237,0.929"
639,"V,I,ii,vi,V","0.137,0.211,0.061,0.179,0.627"
640,"V,I,ii,vi,IV","0.137,0.211,0.061,0.179,0.237"
641,"V,I,ii,IV,V","0.137,0.211,0.061,0.172,0.643"
642,"V,I,ii,IV,I","0.137,0.211,0.061,0.172,0.179"
643,"V,I,ii,I,V","0.137,0.211,0.061,0.09,0.5"
644,"V,I,ii,I,IV","0.137,0.211,0.061,0.09,0.167"
645,"V,I,ii,I,iii","0.137,0.211,0.061,0.09,0.133"
646,"V,I,ii,I,ii","0.137,0.211,0.061,0.09,0.133"
647,"V,I,ii,V,I","0.137,0.211,0.061,0.084,0.28"
648,"V,I,ii,V,vi","0.137,0.211,0.061,0.084,0.24"
649,"V,I,ii,V,ii","0.137,0.211,0.061,0.084,0.16"
650,"V,I,ii,I<sup>6</sup>,IV","0.137,0.211,0.061,0.078,0.857"
651,"V,I,ii,I<sup>6</sup>,ii<sup>6</sup><sub>5</sub>","0.137,0.211,0.061,0.078,0.071"
652,"V,I,V<sup>6</sup>,vi,V","0.137,0.211,0.054,0.639,0.337"
653,"V,I,V<sup>6</sup>,vi,IV","0.137,0.211,0.054,0.639,0.205"
654,"V,I,V<sup>6</sup>,vi,ii","0.137,0.211,0.054,0.639,0.156"
655,"V,I,V<sup>6</sup>,vi<sup>7</sup>,V","0.137,0.211,0.054,0.09,0.31"
656,"V,I,V<sup>6</sup>,vi<sup>7</sup>,ii<sup>7</sup>","0.137,0.211,0.054,0.09,0.207"
657,"V,I,V<sup>6</sup>,vi<sup>7</sup>,IV","0.137,0.211,0.054,0.09,0.138"
658,"V,I,V<sup>6</sup>,vi<sup>7</sup>,iii","0.137,0.211,0.054,0.09,0.069"
659,"V,I,V<sup>6</sup>,vi<sup>7</sup>,V<sup>7</sup>/V","0.137,0.211,0.054,0.09,0.069"
660,"V,I,V<sup>6</sup>,vi<sup>7</sup>,I<sup>6</sup>","0.137,0.211,0.054,0.09,0.069"
661,"V,I,V<sup>6</sup>,IV<sup>6</sup>,I<sup>6</sup><sub>4</sub>","0.137,0.211,0.054,0.074,0.667"
662,"V,I,V<sup>6</sup>,IV<sup>6</sup>,IV","0.137,0.211,0.054,0.074,0.167"
663,"V,I,V<sup>6</sup>,IV<sup>6</sup>,V","0.137,0.211,0.054,0.074,0.083"
664,"V,I,V<sup>6</sup>,IV,V","0.137,0.211,0.054,0.066,0.7"
665,"V,I,V<sup>6</sup>,IV,vi","0.137,0.211,0.054,0.066,0.3"
666,"V,IV,I,V,IV","0.137,0.205,0.303,0.514,0.724"
667,"V,IV,I,V,vi","0.137,0.205,0.303,0.514,0.119"
668,"V,IV,I,V,I","0.137,0.205,0.303,0.514,0.079"
669,"V,IV,I,vi,V","0.137,0.205,0.303,0.174,0.851"
670,"V,IV,I,vi,I","0.137,0.205,0.303,0.174,0.064"
671,"V,IV,I,IV,V","0.137,0.205,0.303,0.133,0.543"
672,"V,IV,I,IV,I","0.137,0.205,0.303,0.133,0.323"
673,"V,IV,I,IV,vi","0.137,0.205,0.303,0.133,0.081"
674,"V,IV,V,vi,V","0.137,0.205,0.277,0.324,0.617"
675,"V,IV,V,vi,IV","0.137,0.205,0.277,0.324,0.157"
676,"V,IV,V,vi,I","0.137,0.205,0.277,0.324,0.077"
677,"V,IV,V,I,V","0.137,0.205,0.277,0.276,0.567"
678,"V,IV,V,I,IV","0.137,0.205,0.277,0.276,0.128"
679,"V,IV,V,I,vi","0.137,0.205,0.277,0.276,0.06"
680,"V,IV,V,IV,V","0.137,0.205,0.277,0.264,0.67"
681,"V,IV,V,IV,I","0.137,0.205,0.277,0.264,0.106"
682,"V,IV,V,IV,vi","0.137,0.205,0.277,0.264,0.061"
683,"V,IV,vi,V,IV","0.137,0.205,0.128,0.523,0.774"
684,"V,IV,vi,V,I","0.137,0.205,0.128,0.523,0.117"
685,"V,IV,vi,V,vi","0.137,0.205,0.128,0.523,0.056"
686,"V,IV,vi,I,V","0.137,0.205,0.128,0.261,0.862"
687,"V,IV,vi,I,IV","0.137,0.205,0.128,0.261,0.064"
688,"V,IV,vi,IV,V","0.137,0.205,0.128,0.072,0.373"
689,"V,IV,vi,IV,vi","0.137,0.205,0.128,0.072,0.314"
690,"V,IV,vi,IV,I","0.137,0.205,0.128,0.072,0.235"
691,"V,IV,iii,vi,V","0.137,0.205,0.067,0.301,0.818"
692,"V,IV,iii,vi,IV","0.137,0.205,0.067,0.301,0.055"
693,"V,IV,iii,ii,V","0.137,0.205,0.067,0.216,0.308"
694,"V,IV,iii,ii,I","0.137,0.205,0.067,0.216,0.244"
695,"V,IV,iii,ii,iii","0.137,0.205,0.067,0.216,0.154"
696,"V,IV,iii,ii,IV","0.137,0.205,0.067,0.216,0.115"
697,"V,IV,iii,ii,vi","0.137,0.205,0.067,0.216,0.064"
698,"V,IV,iii,IV,V","0.137,0.205,0.067,0.19,0.31"
699,"V,IV,iii,IV,iii","0.137,0.205,0.067,0.19,0.282"
700,"V,IV,iii,IV,I","0.137,0.205,0.067,0.19,0.197"
701,"V,IV,iii,IV,I<sup>6</sup>","0.137,0.205,0.067,0.19,0.085"
702,"V,IV,iii,V,IV","0.137,0.205,0.067,0.08,0.517"
703,"V,IV,iii,V,vi","0.137,0.205,0.067,0.08,0.414"
704,"V,IV,iii,V,I","0.137,0.205,0.067,0.08,0.069"
705,"V,IV,iii,I,V","0.137,0.205,0.067,0.07,0.32"
706,"V,IV,iii,I,IV","0.137,0.205,0.067,0.07,0.28"
707,"V,IV,iii,I,ii","0.137,0.205,0.067,0.07,0.24"
708,"V,IV,iii,I,iii","0.137,0.205,0.067,0.07,0.08"
709,"V,IV,iii,I,vi","0.137,0.205,0.067,0.07,0.08"
710,"V,ii,IV,I,V","0.137,0.064,0.337,0.501,0.876"
711,"V,ii,IV,V,ii","0.137,0.064,0.337,0.229,0.435"
712,"V,ii,IV,V,vi","0.137,0.064,0.337,0.229,0.33"
713,"V,ii,IV,V,I","0.137,0.064,0.337,0.229,0.087"
714,"V,ii,IV,V,IV","0.137,0.064,0.337,0.229,0.07"
715,"V,ii,IV,vi,V","0.137,0.064,0.337,0.161,0.931"
716,"V,ii,vi,I,V","0.137,0.064,0.211,0.379,0.899"
717,"V,ii,vi,IV,V","0.137,0.064,0.211,0.289,0.701"
718,"V,ii,vi,IV,I","0.137,0.064,0.211,0.289,0.187"
719,"V,ii,vi,IV,ii","0.137,0.064,0.211,0.289,0.112"
720,"V,ii,vi,V,ii","0.137,0.064,0.211,0.162,0.571"
721,"V,ii,vi,V,I","0.137,0.064,0.211,0.162,0.179"
722,"V,ii,vi,V,IV","0.137,0.064,0.211,0.162,0.179"
723,"V,ii,I,V,ii","0.137,0.064,0.153,0.531,0.713"
724,"V,ii,I,V,IV","0.137,0.064,0.153,0.531,0.066"
725,"V,ii,I,vi,V","0.137,0.064,0.153,0.149,0.684"
726,"V,ii,I,vi,I","0.137,0.064,0.153,0.149,0.263"
727,"V,ii,I,vi,ii","0.137,0.064,0.153,0.149,0.053"
728,"V,ii,I,IV,V","0.137,0.064,0.153,0.099,0.64"
729,"V,ii,I,IV,I","0.137,0.064,0.153,0.099,0.08"
730,"V,ii,I,IV,iii","0.137,0.064,0.153,0.099,0.08"
731,"V,ii,I,ii,IV","0.137,0.064,0.153,0.089,0.364"
732,"V,ii,I,ii,I","0.137,0.064,0.153,0.089,0.273"
733,"V,ii,I,ii,V","0.137,0.064,0.153,0.089,0.273"
734,"V,ii,I,ii,vi","0.137,0.064,0.153,0.089,0.091"
735,"V,ii,V,ii,V","0.137,0.064,0.105,0.5,0.835"
736,"V,ii,V,I,vi","0.137,0.064,0.105,0.193,0.345"
737,"V,ii,V,I,V<sup>6</sup>","0.137,0.064,0.105,0.193,0.207"
738,"V,ii,V,I,I<sup>6</sup>","0.137,0.064,0.105,0.193,0.103"
739,"V,ii,V,I,V<sup>4</sup><sub>3</sub>/IV","0.137,0.064,0.105,0.193,0.069"
740,"V,ii,V,I,V","0.137,0.064,0.105,0.193,0.069"
741,"V,ii,V,I,ii","0.137,0.064,0.105,0.193,0.069"
742,"V,ii,V,I,V/vi","0.137,0.064,0.105,0.193,0.069"
743,"V,ii,V,vi,V","0.137,0.064,0.105,0.096,0.412"
744,"V,ii,V,vi,IV","0.137,0.064,0.105,0.096,0.353"
745,"V,ii,V,vi,ii","0.137,0.064,0.105,0.096,0.118"
746,"V,ii,V,IV,V","0.137,0.064,0.105,0.07,0.667"
747,"V,ii,V,IV,I","0.137,0.064,0.105,0.07,0.167"
748,"V,ii,iii,IV,V","0.137,0.064,0.072,0.77,0.648"
749,"V,ii,iii,IV,vi","0.137,0.064,0.072,0.77,0.154"
750,"V,ii,iii,IV,I","0.137,0.064,0.072,0.77,0.121"
751,"V,ii,iii,vi,I","0.137,0.064,0.072,0.089,0.4"
752,"V,ii,iii,vi,IV","0.137,0.064,0.072,0.089,0.2"
753,"V,ii,iii,vi,V","0.137,0.064,0.072,0.089,0.2"
